{
  "name" : "Pierrot",
  "intents" : [ {
    "id" : "Pierrot-app:getCookingDate",
    "type" : "registry",
    "version" : "0.0.31",
    "language" : "fr",
    "slots" : [ {
      "name" : "pseudoCookingDate",
      "id" : "ByF1QWAsz",
      "entity" : "",
      "entityId" : "entity_D663BVv3Q3WQ",
      "missingQuestion" : "",
      "required" : false
    }, {
      "name" : "cookingDate",
      "id" : "HJHfHW0if",
      "entity" : "",
      "entityId" : "time.datetime",
      "missingQuestion" : "",
      "required" : false
    }, {
      "name" : "unknownDate",
      "id" : "BJ57SZ0sG",
      "entity" : "",
      "entityId" : "entity_KMM3x2WBz8Oq",
      "missingQuestion" : "",
      "required" : false
    } ],
    "name" : "getCookingDate"
  }, {
    "id" : "Pierrot-app:getProductAge",
    "type" : "registry",
    "version" : "0.0.17",
    "language" : "fr",
    "slots" : [ {
      "name" : "productDate",
      "id" : "BkZihrcsf",
      "entity" : "",
      "entityId" : "time.datetime",
      "missingQuestion" : "Depuis quand avez-vous le produit ?",
      "required" : false
    }, {
      "name" : "unknownProductDate",
      "id" : "SkY4kjsoz",
      "entity" : "",
      "entityId" : "entity_KMM3x2WBz8Oq",
      "missingQuestion" : "",
      "required" : false
    } ],
    "name" : "getProductAge"
  }, {
    "id" : "Pierrot-app:getFoodRequest",
    "type" : "registry",
    "version" : "0.0.42",
    "language" : "fr",
    "slots" : [ {
      "name" : "food",
      "id" : "Sktx5EcsM",
      "entity" : "",
      "entityId" : "entity_zq2Xpmywoaw5",
      "missingQuestion" : "De quel aliment parles-tu ?",
      "required" : true,
      "description" : "Nom de l'aliment"
    }, {
      "name" : "productDate",
      "id" : "rkUkfisjM",
      "entity" : "",
      "entityId" : "time.datetime",
      "missingQuestion" : "",
      "required" : false
    } ],
    "name" : "getFoodRequest"
  } ],
  "createdAt" : "2018-04-10T13:18:06.273Z",
  "language" : "fr",
  "nluEngine" : {
    "version" : "0.13.0"
  },
  "platform" : {
    "type" : "raspberrypi"
  },
  "asr" : {
    "type" : "snips"
  },
  "analyticsEnabled" : true,
  "hotword" : "hey_snips"
}